insert  into `list_propinsi`(`Id_Propinsi`,`Nama_Propinsi`) values (1,'Aceh');
insert  into `list_propinsi`(`Id_Propinsi`,`Nama_Propinsi`) values (2,'Sumatera Utara');
insert  into `list_propinsi`(`Id_Propinsi`,`Nama_Propinsi`) values (3,'Sumatera Barat');
insert  into `list_propinsi`(`Id_Propinsi`,`Nama_Propinsi`) values (4,'Riau');
insert  into `list_propinsi`(`Id_Propinsi`,`Nama_Propinsi`) values (5,'Kepulauan Riau');
insert  into `list_propinsi`(`Id_Propinsi`,`Nama_Propinsi`) values (6,'Jambi');
insert  into `list_propinsi`(`Id_Propinsi`,`Nama_Propinsi`) values (7,'Bangka Belitung');
insert  into `list_propinsi`(`Id_Propinsi`,`Nama_Propinsi`) values (8,'Sumatera Selatan');
insert  into `list_propinsi`(`Id_Propinsi`,`Nama_Propinsi`) values (9,'Lampung');

insert  into `list_kontrasepsi`(`Id_Kontrasepsi`,`Nama_Kontrasepsi`) values (1,'Pil');
insert  into `list_kontrasepsi`(`Id_Kontrasepsi`,`Nama_Kontrasepsi`) values (2,'Kondom');
insert  into `list_kontrasepsi`(`Id_Kontrasepsi`,`Nama_Kontrasepsi`) values (3,'IUD');

insert  into `list_pemakai_kontrasepsi`(`Id_List`,`Id_Propinsi`,`Id_Kontrasepsi`,`Jumlah_Pemakai`) values (1,1,1,50);
insert  into `list_pemakai_kontrasepsi`(`Id_List`,`Id_Propinsi`,`Id_Kontrasepsi`,`Jumlah_Pemakai`) values (2,1,2,66);
insert  into `list_pemakai_kontrasepsi`(`Id_List`,`Id_Propinsi`,`Id_Kontrasepsi`,`Jumlah_Pemakai`) values (3,1,3,25);
insert  into `list_pemakai_kontrasepsi`(`Id_List`,`Id_Propinsi`,`Id_Kontrasepsi`,`Jumlah_Pemakai`) values (4,2,1,100);
insert  into `list_pemakai_kontrasepsi`(`Id_List`,`Id_Propinsi`,`Id_Kontrasepsi`,`Jumlah_Pemakai`) values (5,2,2,75);
insert  into `list_pemakai_kontrasepsi`(`Id_List`,`Id_Propinsi`,`Id_Kontrasepsi`,`Jumlah_Pemakai`) values (6,2,3,50);
insert  into `list_pemakai_kontrasepsi`(`Id_List`,`Id_Propinsi`,`Id_Kontrasepsi`,`Jumlah_Pemakai`) values (7,1,2,40);
insert  into `list_pemakai_kontrasepsi`(`Id_List`,`Id_Propinsi`,`Id_Kontrasepsi`,`Jumlah_Pemakai`) values (8,2,2,65);
insert  into `list_pemakai_kontrasepsi`(`Id_List`,`Id_Propinsi`,`Id_Kontrasepsi`,`Jumlah_Pemakai`) values (9,3,1,90);
insert  into `list_pemakai_kontrasepsi`(`Id_List`,`Id_Propinsi`,`Id_Kontrasepsi`,`Jumlah_Pemakai`) values (10,3,2,80);